"class","added_attributes","deleted_attributes","reference_version","target_version"
"org:Organization","org:subOrganizationOf → org:Organization","","3.1.0","4.0.0-rc.1"
"epo:LotAwardOutcome","","epo:hasAwardedEstimatedValue → epo:MonetaryValue","3.1.0","4.0.0-rc.1"
"epo:LotAwardOutcome","","epo:hasFrameworkAgreementEstimatedValue → epo:MonetaryValue","3.1.0","4.0.0-rc.1"
"epo:NoticeAwardInformation","epo:describesDirectAwardPrenotificationNotice → epo-not:DirectAwardPrenotificationNotice","epo:describesResultNotice → epo-not:DirectAwardPrenotificationNotice","3.1.0","4.0.0-rc.1"
"cccev:Evidence","epo:hasValidityPeriod → epo:Period","","3.1.0","4.0.0-rc.1"
"cccev:Requirement","adms:identifier → adms:Identifier","","3.1.0","4.0.0-rc.1"
"epo:Certificate","","epo:hasValidityPeriod → epo:Period","3.1.0","4.0.0-rc.1"
"epo:Notice","","epo:conformsToSpecificLegalBasis → at-voc:legal-basis","3.1.0","4.0.0-rc.1"
"epo:LotGroup","epo:hasInternalIdentifier → adms:Identifier","","3.1.0","4.0.0-rc.1"
"epo:LotGroup","epo:hasEstimatedValue → epo:MonetaryValue","","3.1.0","4.0.0-rc.1"
"epo:LotGroup","epo:hasLaunchFrameworkAgreementMaximumValue → epo:MonetaryValue","","3.1.0","4.0.0-rc.1"
"epo:ProcurementObject","epo:hasLaunchFrameworkAgreementMaximumValue → epo:MonetaryValue","","3.1.0","4.0.0-rc.1"
"epo:TenderGroup","adms:identifier → adms:Identifier","","3.1.0","4.0.0-rc.1"
"epo:Certifier","generalisation → epo:AuxiliaryParty","","3.1.0","4.0.0-rc.1"
"epo:JuryMember","epo:playedBy → cpv:Person","epo:playedBy → foaf:Person","3.1.0","4.0.0-rc.1"
"epo:OpeningTerm","generalisation → epo:ProcedureSpecificTerm","","3.1.0","4.0.0-rc.1"
"epo:DesignContestRegimeTerm","generalisation → epo:ProcedureSpecificTerm","","3.1.0","4.0.0-rc.1"
"epo:FrameworkAgreementTerm","","epo:hasLaunchGroupFrameworkAgreementMaximumValue → epo:MonetaryValue","3.1.0","4.0.0-rc.1"
"epo:FrameworkAgreementTerm","","epo:hasLaunchFrameworkAgreementMaximumValue → epo:MonetaryValue","3.1.0","4.0.0-rc.1"
"epo:ReviewTerm","generalisation → epo:ProcedureSpecificTerm","","3.1.0","4.0.0-rc.1"
"epo:SubmissionTerm","epo:hasTenderValidityDuration → epo:Duration","","3.1.0","4.0.0-rc.1"
"epo-cat:CatalogueLine","epo-cat:hasActivityCode → at-voc-new:activity-code","","3.1.0","4.0.0-rc.1"
"epo-cat:Catalogue","epo-cat:hasActivityCode → at-voc-new:activity-code","","3.1.0","4.0.0-rc.1"
"epo-ord:TaxInformation","","epo-cat:hasVATCategory → at-voc-new:vat-category","3.1.0","4.0.0-rc.1"
"epo-con:ContractAmendment","epo:updatesContractValue → epo:MonetaryValue","epo:hasRestatedContractValue → epo:MonetaryValue","3.1.0","4.0.0-rc.1"
"cccev:InformationConcept","adms:identifier → adms:Identifier","epo:hasID → epo:Identifier","3.1.0","4.0.0-rc.1"
"cv:Channel","epo:hasEndpointIdentifier → adms:Identifier","","3.1.0","4.0.0-rc.1"
"dct:Location","adms:identifier → adms:Identifier","","3.1.0","4.0.0-rc.1"
"epo:AdHocChannel","generalisation → cv:Channel","","3.1.0","4.0.0-rc.1"
"epo:AgentInRole","epo:exposesChannel → cv:Channel","","3.1.0","4.0.0-rc.1"
"epo:AwardCriteriaSummary","generalisation → epo:ProcurementCriteriaSummary","","3.1.0","4.0.0-rc.1"
"epo:AwardDecision","generalisation → epo:Document","generalisation → epo:ProcurementElement","3.1.0","4.0.0-rc.1"
"epo:AwardDecision","epo:comprisesAwardOutcome → epo:AwardOutcome","epo:comprisesLotAwardOutcome → epo:LotAwardOutcome","3.1.0","4.0.0-rc.1"
"epo:AwardOutcome","epo:hasAwardedValue → epo:MonetaryValue","","3.1.0","4.0.0-rc.1"
"epo:AwardOutcome","epo:hasBargainPrice → epo:MonetaryValue","","3.1.0","4.0.0-rc.1"
"epo:AwardOutcome","epo:comprisesTenderAwardOutcome → epo:TenderAwardOutcome","","3.1.0","4.0.0-rc.1"
"epo:AwardOutcome","epo:hasNonAwardJustification → at-voc:non-award-justification","","3.1.0","4.0.0-rc.1"
"epo:AwardOutcome","epo:hasAwardStatus → at-voc:winner-selection-status","","3.1.0","4.0.0-rc.1"
"epo:AwardOutcome","generalisation → epo:ContextualProjection","","3.1.0","4.0.0-rc.1"
"epo:Awarder","","epo:dependsOnBuyer → epo:Buyer","3.1.0","4.0.0-rc.1"
"epo:BudgetProvider","","epo:dependsOnBuyer → epo:Buyer","3.1.0","4.0.0-rc.1"
"epo:BudgetProvider","","epo:dependsOnServiceProvider → epo:ProcurementServiceProvider","3.1.0","4.0.0-rc.1"
"epo:Buyer","epo:signsAwardDecision → epo:AwardDecision","","3.1.0","4.0.0-rc.1"
"epo:Buyer","epo:exposesInvoiceeChannel → cv:Channel","","3.1.0","4.0.0-rc.1"
"epo:Buyer","epo:indicatesInvoiceeContactPoint → cpov:ContactPoint","","3.1.0","4.0.0-rc.1"
"epo:Candidate","generalisation → epo:OfferingParty","","3.1.0","4.0.0-rc.1"
"epo:ContractLotCompletionInformation","epo:providesContractTotalPaymentValue → epo:MonetaryValue","epo:hasPaymentValue → epo:MonetaryValue","3.1.0","4.0.0-rc.1"
"epo:ContractLotCompletionInformation","epo:providesContractTotalPenaltyValue → epo:MonetaryValue","epo:hasPenaltyValue → epo:MonetaryValue","3.1.0","4.0.0-rc.1"
"epo:ContractTerm","epo:hasEInvoicingPermission → at-voc:permission","","3.1.0","4.0.0-rc.1"
"epo:Contractor","epo:needsToBeAWinner → epo:Winner","","3.1.0","4.0.0-rc.1"
"epo:Contract","generalisation → epo:Document","generalisation → epo:ProcurementElement","3.1.0","4.0.0-rc.1"
"epo:Contract","epo:specifiesDeliverable → epo-con:Deliverable","","3.1.0","4.0.0-rc.1"
"epo:Contract","epo:hasContractValue → epo:MonetaryValue","","3.1.0","4.0.0-rc.1"
"epo:Contract","epo:isSubjectToContractSpecificTerm → epo:ContractSpecificTerm","","3.1.0","4.0.0-rc.1"
"epo:Contract","epo:isFundedBy → epo:Fund","","3.1.0","4.0.0-rc.1"
"epo:ElementConfidentialityDescription","epo:hasPurpose → epo:Purpose","","3.1.0","4.0.0-rc.1"
"epo:ElementConfidentialityDescription","epo-ord:hasTaxInformation → epo-ord:TaxInformation","","3.1.0","4.0.0-rc.1"
"epo:DirectContract","epo:resultsFromLotAwardOutcome → epo:LotAwardOutcome","","3.1.0","4.0.0-rc.1"
"epo:DirectContract","generalisation → epo:Document","","3.1.0","4.0.0-rc.1"
"epo:Document","epo:hasElectronicDigest → epo:Document","","3.1.0","4.0.0-rc.1"
"epo:Document","epo:hasElectronicSignature → epo:ElectronicSignature","","3.1.0","4.0.0-rc.1"
"epo:EconomicStandingSummary","generalisation → epo:SelectionCriteriaSummary","","3.1.0","4.0.0-rc.1"
"epo:Estimate","generalisation → epo:ContextSpecificDescription","","3.1.0","4.0.0-rc.1"
"epo:ExclusionGroundsSummary","generalisation → epo:QualificationCriteriaSummary","","3.1.0","4.0.0-rc.1"
"epo:ExclusionGround","","epo:specifiesExclusionGround → epo:Procedure","3.1.0","4.0.0-rc.1"
"epo:ExclusionGround","generalisation → epo:QualificationCriterion","generalisation → epo:ProcurementCriterion","3.1.0","4.0.0-rc.1"
"epo:FrameworkAgreementTerm","","epo:hasOverallMaximumValue → epo:MonetaryValue","3.1.0","4.0.0-rc.1"
"epo:FrameworkAgreementTerm","epo:hasLaunchFrameworkAgreementMaximumValue → epo:MonetaryValue","","3.1.0","4.0.0-rc.1"
"epo:FrameworkAgreementTerm","epo:hasLaunchGroupFrameworkAgreementMaximumValue → epo:MonetaryValue","","3.1.0","4.0.0-rc.1"
"epo:FrameworkAgreementTerm","generalisation → epo:ContractSpecificTerm","","3.1.0","4.0.0-rc.1"
"epo:FrameworkAgreement","epo:resultsFromLotAwardOutcome → epo:LotAwardOutcome","","3.1.0","4.0.0-rc.1"
"epo:Fund","epo:hasFundProgramme → at-voc:EU-programme","","3.1.0","4.0.0-rc.1"
"epo:Fund","adms:identifier → adms:Identifier","epo:hasID → epo:Identifier","3.1.0","4.0.0-rc.1"
"epo:GreenProcurement","epo:fulfillsRequirement → at-voc:green-public-procurement-criteria","","3.1.0","4.0.0-rc.1"
"epo:JuryMember","epo:playedBy → foaf:Agent","","3.1.0","4.0.0-rc.1"
"epo:JuryMember","generalisation → epo:AcquiringParty","","3.1.0","4.0.0-rc.1"
"epo:LotAwardOutcome","","epo:comprisesTenderAwardOutcome → epo:TenderAwardOutcome","3.1.0","4.0.0-rc.1"
"epo:LotAwardOutcome","","epo:hasRestatedAwardedValue → epo:MonetaryValue","3.1.0","4.0.0-rc.1"
"epo:LotAwardOutcome","","epo:isAdoptedByBuyer → epo:Buyer","3.1.0","4.0.0-rc.1"
"epo:LotAwardOutcome","epo:hasFrameworkAgreementMaximumValue → epo:MonetaryValue","","3.1.0","4.0.0-rc.1"
"epo:LotAwardOutcome","epo:hasApproximateFrameworkAgreementValue → epo:MonetaryValue","","3.1.0","4.0.0-rc.1"
"epo:LotAwardOutcome","generalisation → epo:AwardOutcome","","3.1.0","4.0.0-rc.1"
"epo:LotGroupAwardInformation","epo:hasGroupFrameworkAgreementMaximumValue → epo:MonetaryValue","epo:hasGroupFrameworkAgreementAwardedValue → epo:MonetaryValue","3.1.0","4.0.0-rc.1"
"epo:LotGroupAwardInformation","generalisation → epo:ContextSpecificDescription","generalisation → epo:ContextualProjection","3.1.0","4.0.0-rc.1"
"epo:LotGroup","","epo:hasEstimatedValue → epo:MonetaryValue","3.1.0","4.0.0-rc.1"
"epo:LotGroup","","epo:specifiesSelectionCriterion → epo:SelectionCriterion","3.1.0","4.0.0-rc.1"
"epo:LotGroup","epo:specifiesProcurementCriterion → epo:ProcurementCriterion","epo:specifiesAwardCriterion → epo:AwardCriterion","3.1.0","4.0.0-rc.1"
"epo:LotGroup","adms:identifier → adms:Identifier","","3.1.0","4.0.0-rc.1"
"epo:Lot","","epo:specifiesSelectionCriterion → epo:SelectionCriterion","3.1.0","4.0.0-rc.1"
"epo:Lot","epo:specifiesProcurementCriterion → epo:ProcurementCriterion","epo:specifiesAwardCriterion → epo:AwardCriterion","3.1.0","4.0.0-rc.1"
"epo:Lot","","epo:hasRestatedEstimatedValue → epo:MonetaryValue","3.1.0","4.0.0-rc.1"
"epo:Lot","","epo:hasReservedProcurement → at-voc:reserved-procurement","3.1.0","4.0.0-rc.1"
"epo:Lot","","epo:hasPerformingStaffQualificationInformation → at-voc:requirement-stage","3.1.0","4.0.0-rc.1"
"epo:MiniCompetitionAwardOutcome","epo:resultsFromUsingCandidateList → epo:SelectedCandidateList","","3.1.0","4.0.0-rc.1"
"epo:MiniCompetitionAwardOutcome","generalisation → epo:AwardOutcome","","3.1.0","4.0.0-rc.1"
"epo:MultipleStageProcedureTerm","","epo:hasQualificationSystemPeriod → epo:Period","3.1.0","4.0.0-rc.1"
"epo:MultipleStageProcedureTerm","generalisation → epo:LotSpecificTerm","","3.1.0","4.0.0-rc.1"
"epo:MultipleStageProcedureTerm","epo:concernsNotice → epo:Notice","","3.1.0","4.0.0-rc.1"
"epo:MultipleStageProcedureTerm","epo:relatesToEFormSectionIdentifier → adms:Identifier","","3.1.0","4.0.0-rc.1"
"epo:MultipleStageProcedureTerm","generalisation → epo:ContextSpecificDescription","","3.1.0","4.0.0-rc.1"
"epo:MultipleStageProcedureTerm","epo:hasNonPublicationJustification → at-voc:non-publication-justification","","3.1.0","4.0.0-rc.1"
"epo:NoticeAwardInformation","epo:describesResultNotice → epo-not:DirectAwardPrenotificationNotice","","3.1.0","4.0.0-rc.1"
"epo:NoticeAwardInformation","epo:hasApproximateFrameworkAgreementValue → epo:MonetaryValue","","3.1.0","4.0.0-rc.1"
"epo:NoticeChangeInformation (renamed from epo:NoticeChange)","","epo:hasElementChange → epo:ElementChangeDescription","3.1.0","4.0.0-rc.1"
"epo:NoticeChangeInformation (renamed from epo:NoticeChange)","generalisation → epo:ContextSpecificDescription","generalisation → epo:NoticeDescription","3.1.0","4.0.0-rc.1"
"epo:NoticeChangeInformation (renamed from epo:NoticeChange)","epo:concernsNotice → epo:Notice","","3.1.0","4.0.0-rc.1"
"epo:NoticeChangeInformation (renamed from epo:NoticeChange)","epo:relatesToEFormSectionIdentifier → adms:Identifier","","3.1.0","4.0.0-rc.1"
"epo:NoticeChangeInformation (renamed from epo:NoticeChange)","epo:hasChangeJustification → at-voc:change-corrig-justification","","3.1.0","4.0.0-rc.1"
"epo:Notice","","epo:hasNotificationContentType → at-voc-new:notification-phases-content-types","3.1.0","4.0.0-rc.1"
"epo:Notice","epo:refersToLot → epo:Lot","","3.1.0","4.0.0-rc.1"
"epo:Notice","epo:conformsToSpecificLegalBasis → at-voc:legal-basis","","3.1.0","4.0.0-rc.1"
"epo:OfferIssuer","epo:distributesOffer → epo:Offer","","3.1.0","4.0.0-rc.1"
"epo:OfferIssuer","generalisation → epo:OfferingParty","","3.1.0","4.0.0-rc.1"
"epo:OfferingParty","","epo:playedByBusiness → epo:Business","3.1.0","4.0.0-rc.1"
"epo:Offer","generalisation → epo:Document","","3.1.0","4.0.0-rc.1"
"epo:OriginatorRequest","generalisation → epo:Document","","3.1.0","4.0.0-rc.1"
"epo:ParticipationConditionsSummary","generalisation → epo:ProcurementCriteriaSummary","","3.1.0","4.0.0-rc.1"
"epo:ParticipationConditionsSummary","epo:hasReservedProcurement → at-voc:reserved-procurement","","3.1.0","4.0.0-rc.1"
"epo:ParticipationCondition","generalisation → epo:ProcurementCriterion","","3.1.0","4.0.0-rc.1"
"epo:ParticipationCondition","epo:hasReservedProcurement → at-voc:reserved-procurement","","3.1.0","4.0.0-rc.1"
"epo:ParticipationRequestProcessor","","epo:dependsOnServiceProvider → epo:ProcurementServiceProvider","3.1.0","4.0.0-rc.1"
"epo:ParticipationRequestProcessor","","epo:dependsOnBuyer → epo:Buyer","3.1.0","4.0.0-rc.1"
"epo:ParticipationRequestReceiver","","epo:dependsOnServiceProvider → epo:ProcurementServiceProvider","3.1.0","4.0.0-rc.1"
"epo:ParticipationRequestReceiver","","epo:dependsOnBuyer → epo:Buyer","3.1.0","4.0.0-rc.1"
"epo:PaymentExecutor","","epo:dependsOnServiceProvider → epo:ProcurementServiceProvider","3.1.0","4.0.0-rc.1"
"epo:PaymentExecutor","","epo:dependsOnBuyer → epo:Buyer","3.1.0","4.0.0-rc.1"
"epo:PlannedProcurementPart","","epo:hasLegalBasis → at-voc:legal-basis","3.1.0","4.0.0-rc.1"
"epo:PlannedProcurementPart","generalisation → epo:ProcurementElement","generalisation → epo:ProcurementObject","3.1.0","4.0.0-rc.1"
"epo:PlannedProcurementPart","epo:foreseesProcurementObject → epo:ProcurementObject","","3.1.0","4.0.0-rc.1"
"epo:Procedure","","epo:hasLegalBasis → at-voc:legal-basis","3.1.0","4.0.0-rc.1"
"epo:Procedure","","epo:hasLegalRegime → at-voc-new:legal-regime","3.1.0","4.0.0-rc.1"
"epo:Procedure","epo:specifiesProcurementCriteriaSummary → epo:ProcurementCriteriaSummary","epo:specifiesExclusionGround → epo:ExclusionGround","3.1.0","4.0.0-rc.1"
"epo:ProcurementCriteriaSummary","generalisation → cccev:Requirement","","3.1.0","4.0.0-rc.1"
"epo:ProcurementCriterion","epo:hasPerformingStaffQualificationInformation → at-voc:requirement-stage","","3.1.0","4.0.0-rc.1"
"epo:ProcurementElement","epo:hasInternalIdentifier → adms:Identifier","","3.1.0","4.0.0-rc.1"
"epo:ProcurementElement","epo:usesChannel → cv:Channel","","3.1.0","4.0.0-rc.1"
"epo:ProcurementElement","epo:hasEstimatedValue → epo:MonetaryValue","","3.1.0","4.0.0-rc.1"
"epo:ProcurementElement","adms:identifier → adms:Identifier","","3.1.0","4.0.0-rc.1"
"epo:ProcurementObject","","epo:hasID → epo:Identifier","3.1.0","4.0.0-rc.1"
"epo:ProcurementObject","","epo:usesChannel → cv:Channel","3.1.0","4.0.0-rc.1"
"epo:ProcurementObject","","epo:refersToPlannedPart → epo:PlannedProcurementPart","3.1.0","4.0.0-rc.1"
"epo:ProcurementObject","epo:hasLegalBasis → at-voc:legal-basis","","3.1.0","4.0.0-rc.1"
"epo:ProcurementObject","epo:foreseesConcession → epo:ConcessionEstimate","","3.1.0","4.0.0-rc.1"
"epo:ProfessionalSuitabilitySummary","generalisation → epo:SelectionCriteriaSummary","","3.1.0","4.0.0-rc.1"
"epo:Project","adms:identifier → adms:Identifier","","3.1.0","4.0.0-rc.1"
"epo:PurchaseContract","epo:resultsFromMiniCompetitionAwardOutcome → epo:MiniCompetitionAwardOutcome","","3.1.0","4.0.0-rc.1"
"epo:Purpose","","epo:hasMainClassification → at-voc:cpvsuppl","3.1.0","4.0.0-rc.1"
"epo:Purpose","","epo:hasAdditionalClassification → at-voc:cpvsuppl","3.1.0","4.0.0-rc.1"
"epo:QualificationCriteriaSummary","generalisation → epo:ProcurementCriteriaSummary","","3.1.0","4.0.0-rc.1"
"epo:QualificationCriterion","generalisation → epo:ProcurementCriterion","","3.1.0","4.0.0-rc.1"
"epo:ReviewDecision","epo:hasRemedyValue → epo:MonetaryValue","","3.1.0","4.0.0-rc.1"
"epo:ReviewObject","","epo:hasRemedyValue → epo:MonetaryValue","3.1.0","4.0.0-rc.1"
"epo:ReviewObject","generalisation → epo:Document","generalisation → epo:ProcurementElement","3.1.0","4.0.0-rc.1"
"epo:ReviewProcedureInformationProvider","","epo:dependsOnReviewer → epo:Reviewer","3.1.0","4.0.0-rc.1"
"epo:ReviewRequest","epo:hasReviewRequestFee → epo:MonetaryValue","epo:paidReviewRequestFee → epo:MonetaryValue","3.1.0","4.0.0-rc.1"
"epo:ReviewTerm","","generalisation → epo:ProcedureSpecificTerm","3.1.0","4.0.0-rc.1"
"epo:Reviewer","epo:hasReviewBodyType → at-voc:review-body-type","","3.1.0","4.0.0-rc.1"
"epo:SelectedCandidateList","epo:containsCandidate → epo:Candidate","","3.1.0","4.0.0-rc.1"
"epo:SelectedCandidateList","epo:hasStartDate → epo:Period","","3.1.0","4.0.0-rc.1"
"epo:SelectionCriteriaSummary","generalisation → epo:QualificationCriteriaSummary","","3.1.0","4.0.0-rc.1"
"epo:SelectionCriterion","generalisation → epo:QualificationCriterion","generalisation → epo:ProcurementCriterion","3.1.0","4.0.0-rc.1"
"epo:SubmissionStatisticalInformation","epo:summarisesInformationForAwardOutcome → epo:AwardOutcome","epo:summarisesInformationForLotAwardOutcome → epo:LotAwardOutcome","3.1.0","4.0.0-rc.1"
"epo:SubmissionTerm","epo:hasTenderValidityPeriod → epo:Period","epo:hasValidityPeriod → epo:Period","3.1.0","4.0.0-rc.1"
"epo:TechnicalAbilitySummary","generalisation → epo:SelectionCriteriaSummary","","3.1.0","4.0.0-rc.1"
"epo:TenderAwardOutcome","epo:indicatesAwardToWinner → epo:Winner","epo:indicatesAwardOfLotToWinner → epo:Winner","3.1.0","4.0.0-rc.1"
"epo:TenderAwardOutcome","epo:concernsTender → epo:Tender","epo:describesTender → epo:Tender","3.1.0","4.0.0-rc.1"
"epo:TenderProcessor","","epo:dependsOnServiceProvider → epo:ProcurementServiceProvider","3.1.0","4.0.0-rc.1"
"epo:TenderProcessor","","epo:dependsOnBuyer → epo:Buyer","3.1.0","4.0.0-rc.1"
"epo:TenderReceiver","","epo:dependsOnServiceProvider → epo:ProcurementServiceProvider","3.1.0","4.0.0-rc.1"
"epo:TenderReceiver","","epo:dependsOnBuyer → epo:Buyer","3.1.0","4.0.0-rc.1"
"epo:Tender","generalisation → epo:Document","generalisation → epo:ProcurementElement","3.1.0","4.0.0-rc.1"
"epo:Tender","epo:hasSubcontracting → at-voc:applicability","","3.1.0","4.0.0-rc.1"
"epo:VehicleInformation","epo:concernsGreenProcurement → epo:GreenProcurement","","3.1.0","4.0.0-rc.1"
"epo:VehicleInformation","epo:specifiesCleanVehicleDirectiveVehicleCategory → at-voc:vehicle-category","","3.1.0","4.0.0-rc.1"
"epo:VehicleInformation","epo:specifiesCleanVehicleDirectiveContractType → at-voc:cvd-contract-type","","3.1.0","4.0.0-rc.1"
"epo:Winner","epo:needsToBeATenderer → epo:Tenderer","epo:dependsOnTenderer → epo:Tenderer","3.1.0","4.0.0-rc.1"
"foaf:Agent","adms:identifier → adms:Identifier","epo:hasID → epo:Identifier","3.1.0","4.0.0-rc.1"
"foaf:Person","epo:hasCertification → epo-cat:Certificate","","3.1.0","4.0.0-rc.1"
"locn:Address","adms:identifier → adms:Identifier","epo:hasID → epo:Identifier","3.1.0","4.0.0-rc.1"
"org:Organization","epo:hasLegalIdentifier → adms:Identifier","","3.1.0","4.0.0-rc.1"
"org:Organization","epo:hasRegistrationCountry → at-voc:country","","3.1.0","4.0.0-rc.1"
"org:Organization","epo:hasCertification → epo-cat:Certificate","","3.1.0","4.0.0-rc.1"
"org:Organization","epo:hasTaxIdentifier → adms:Identifier","","3.1.0","4.0.0-rc.1"
"epo-cat:CatalogueLine","generalisation → epo-cat:Line","","3.1.0","4.0.0-rc.1"
"epo-cat:CatalogueLine","","epo:hasID → epo:Identifier","3.1.0","4.0.0-rc.1"
"epo-cat:CatalogueLine","","epo-cat:specifiesItem → epo-cat:Item","3.1.0","4.0.0-rc.1"
"epo-cat:Catalogue","","epo:hasValidityPeriod → epo:Period","3.1.0","4.0.0-rc.1"
"epo-cat:Catalogue","generalisation → epo-cat:PostAwardDocument","","3.1.0","4.0.0-rc.1"
"epo-cat:Catalogue","epo:specifiesCatalogueReceiver → epo:CatalogueReceiver","epo-cat:isReceivedByCatalogueReceiver → epo:CatalogueReceiver","3.1.0","4.0.0-rc.1"
"epo-cat:Catalogue","epo:specifiesCatalogueProvider → epo:CatalogueProvider","epo-cat:isReceivedByCatalogueProvider → epo:CatalogueProvider","3.1.0","4.0.0-rc.1"
"epo-cat:Catalogue","epo:specifiesBuyer → epo:Buyer","epo:isIntendedForBuyer → epo:Buyer","3.1.0","4.0.0-rc.1"
"epo-cat:ChargeInformation","generalisation → epo-ord:AllowanceChargeInformation","generalisation → epo-ord:PriceModifierInformation","3.1.0","4.0.0-rc.1"
"epo-cat:ChargeInformation","","epo-cat:hasChargeCategory → at-voc-new:charge-category","3.1.0","4.0.0-rc.1"
"epo-cat:ChargeInformation","","epo-cat:hasChargeCategoryModifier → at-voc-new:charge-modifier","3.1.0","4.0.0-rc.1"
"epo-cat:InformationHub","epo-cat:isSpecificToLine → epo-cat:Line","","3.1.0","4.0.0-rc.1"
"epo-cat:InformationHub","generalisation → epo:ContextSpecificDescription","","3.1.0","4.0.0-rc.1"
"epo-cat:ItemProperty (renamed from epo-cat:ItemDescription)","","generalisation → epo:ElementDescription","3.1.0","4.0.0-rc.1"
"epo-cat:Item","epo-ord:hasTaxInformation → epo-ord:TaxInformation","","3.1.0","4.0.0-rc.1"
"epo-cat:Item","epo:hasCertification → epo-cat:Certificate","epo-cat:hasCertification → epo-cat:ItemCertificate","3.1.0","4.0.0-rc.1"
"epo-cat:Item","epo:hasSellerItemID → adms:Identifier","epo:hasCertification → epo-cat:ItemCertificate","3.1.0","4.0.0-rc.1"
"epo-cat:Item","dct:isReplacedBy → epo-cat:Item","dct:isReplaceBy → epo-cat:Item","3.1.0","4.0.0-rc.1"
"epo-cat:Item","epo:hasSerialID → adms:Identifier","","3.1.0","4.0.0-rc.1"
"epo-cat:Item","epo-cat:hasExternalSpecification → epo:Document","","3.1.0","4.0.0-rc.1"
"epo-cat:Line","epo-cat:specifiesItem → epo-cat:Item","","3.1.0","4.0.0-rc.1"
"epo-cat:Line","adms:identifier → adms:Identifier","","3.1.0","4.0.0-rc.1"
"epo-cat:PostAwardDocument","generalisation → epo:Document","","3.1.0","4.0.0-rc.1"
"epo-cat:PostAwardDocument","epo-cat:hasDocumentType → at-voc-new:document-type","","3.1.0","4.0.0-rc.1"
"epo-cat:PostAwardDocument","epo:hasDocumentStatus → at-voc-new:document-status","","3.1.0","4.0.0-rc.1"
"epo-cat:Price","epo-ord:hasPriceDiscountInformation → epo-ord:AllowanceInformation","","3.1.0","4.0.0-rc.1"
"epo-cat:Price","epo:hasPriceSurchargeInformation → epo-cat:ChargeInformation","","3.1.0","4.0.0-rc.1"
"epo-cat:ProductSpecification","generalisation → epo-cat:PostAwardDocument","generalisation → epo:Document","3.1.0","4.0.0-rc.1"
"epo-ord:ContractInformation","generalisation → epo-cat:InformationHub","generalisation → epo:ContextSpecificDescription","3.1.0","4.0.0-rc.1"
"epo-ord:DeliveryAgreement","epo-ord:specifiesDeliveryAgreementLocation → dct:Location","","3.1.0","4.0.0-rc.1"
"epo-ord:DeliveryInformation","","epo:concernsBeneficiary → epo-ord:Beneficiary","3.1.0","4.0.0-rc.1"
"epo-ord:DeliveryInformation","epo-ord:specifiesPlaceOfDelivery → dct:Location","epo-ord:concernsPlaceOfDelivery → dct:Location","3.1.0","4.0.0-rc.1"
"epo-ord:DeliveryInformation","epo-ord:specifiesGeneralDeliveryAgreement → epo-ord:DeliveryAgreement","","3.1.0","4.0.0-rc.1"
"epo-ord:DeliveryInformation","epo-ord:specifiesSpecificDeliveryAgreement → epo-ord:DeliveryAgreement","","3.1.0","4.0.0-rc.1"
"epo-ord:DeliveryInformation","epo-ful:hasTrackingID → adms:Identifier","","3.1.0","4.0.0-rc.1"
"epo-ord:OrderLine","","epo-cat:specifiesItem → epo-cat:Item","3.1.0","4.0.0-rc.1"
"epo-ord:OrderLine","epo-cat:hasQuantity → epo:Quantity","epo-cat:hasOrderQuantity → epo:Quantity","3.1.0","4.0.0-rc.1"
"epo-ord:OrderLine","generalisation → epo-cat:Line","","3.1.0","4.0.0-rc.1"
"epo-ord:Order","","epo:hasValidityPeriod → epo:Period","3.1.0","4.0.0-rc.1"
"epo-ord:Order","","epo-ord:invoicedToInvoicee → epo-ord:Invoicee","3.1.0","4.0.0-rc.1"
"epo-ord:Order","","epo-ord:supersedesOrder → epo-ord:Order","3.1.0","4.0.0-rc.1"
"epo-ord:Order","epo-ord:hasTotalTaxInclusiveAmount → epo:MonetaryValue","","3.1.0","4.0.0-rc.1"
"epo-ord:Order","epo-ord:hasTotalTaxExclusiveAmount → epo:MonetaryValue","","3.1.0","4.0.0-rc.1"
"epo-ord:Order","epo:specifiesDespatcher → epo-ful:Despatcher","","3.1.0","4.0.0-rc.1"
"epo-ord:Order","epo-ord:hasTotalLineAmount → epo:MonetaryValue","","3.1.0","4.0.0-rc.1"
"epo-ord:Order","epo:refersToProject → epo:Project","","3.1.0","4.0.0-rc.1"
"epo-ord:Order","generalisation → epo-cat:PostAwardDocument","","3.1.0","4.0.0-rc.1"
"epo-ord:Order","epo-ord:hasTotalAllowanceAmount → epo:MonetaryValue","","3.1.0","4.0.0-rc.1"
"epo-ord:Order","epo:specifiesSeller → epo-ord:Seller","epo-ord:isSubmittedToSeller → epo-ord:Selle","3.1.0","4.0.0-rc.1"
"epo-ord:Order","epo-ord:hasRoundingAmount → epo:MonetaryValue","","3.1.0","4.0.0-rc.1"
"epo-ord:Order","epo-ord:specifiesAllowanceInformation → epo-ord:AllowanceInformation","epo-ord:specifiesDiscountInformation → epo-ord:DiscountInformatio","3.1.0","4.0.0-rc.1"
"epo-ord:Order","epo-ord:hasPrepaidAmount → epo:MonetaryValue","","3.1.0","4.0.0-rc.1"
"epo-ord:Order","epo-ord:hasAmountDueForPayment → epo:MonetaryValue","","3.1.0","4.0.0-rc.1"
"epo-ord:Order","epo:specifiesBuyer → epo:Buyer","epo-ord:isSubmittedByBuyer → epo:Buyer","3.1.0","4.0.0-rc.1"
"epo-ord:Order","epo-ord:hasTotalChargeAmount → epo:MonetaryValue","","3.1.0","4.0.0-rc.1"
"epo-ord:OriginatorInformation","epo-ord:concernsOriginatorRequest → epo:OriginatorRequest","","3.1.0","4.0.0-rc.1"
"epo-ord:OriginatorInformation","generalisation → epo-cat:InformationHub","generalisation → epo:ContextSpecificDescription","3.1.0","4.0.0-rc.1"
"epo-ord:AllowanceChargeInformation (renamed from epo-ord:PriceModifierInformation)","generalisation → epo-cat:InformationHub","generalisation → epo:ContextSpecificDescription","3.1.0","4.0.0-rc.1"
"epo-ord:AllowanceChargeInformation (renamed from epo-ord:PriceModifierInformation)","epo:isCalculatedOn → epo:MonetaryValue","","3.1.0","4.0.0-rc.1"
"epo-ord:AllowanceChargeInformation (renamed from epo-ord:PriceModifierInformation)","epo-ord:hasTaxInformation → epo-ord:TaxInformation","","3.1.0","4.0.0-rc.1"
"epo-ord:AllowanceChargeInformation (renamed from epo-ord:PriceModifierInformation)","epo-cat:hasAmount → epo:MonetaryValue","epo-cat:hasFixedAmount → epo:MonetaryValue","3.1.0","4.0.0-rc.1"
"epo-ord:AllowanceChargeInformation (renamed from epo-ord:PriceModifierInformation)","epo-ful:hasAllowanceChargeReason → at-voc-new:allowance-charge-reason","","3.1.0","4.0.0-rc.1"
"epo-ord:TaxInformation","epo:isCalculatedOn → epo:MonetaryValue","","3.1.0","4.0.0-rc.1"
"epo-ord:TaxInformation","epo-cat:hasAmount → epo:MonetaryValue","","3.1.0","4.0.0-rc.1"
"epo-ord:TaxInformation","generalisation → epo-cat:InformationHub","","3.1.0","4.0.0-rc.1"
"epo-ord:TaxInformation","epo-cat:hasTaxCategory → at-voc-new:tax-category","","3.1.0","4.0.0-rc.1"
"epo-ord:TaxInformation","epo-cat:hasTaxScheme → at-voc-new:tax-scheme","","3.1.0","4.0.0-rc.1"
"epo-ord:TaxInformation","epo-cat:hasVATCategory → at-voc-new:vat-category","","3.1.0","4.0.0-rc.1"
"epo-ord:OrderResponseInformation","generalisation → epo-cat:InformationHub","","3.1.0","4.0.0-rc.1"
"epo-ord:OrderResponseInformation","epo-ord:isSpecificToOrderResponseLine → epo-ord:OrderResponseLine","","3.1.0","4.0.0-rc.1"
"epo-ord:OrderResponseInformation","epo-ord:hasDeliveryPeriod → epo:Period","","3.1.0","4.0.0-rc.1"
"epo-ord:OrderResponseInformation","epo-ord:hasAcceptanceStatus → at-voc-new:ResponseStatus","","3.1.0","4.0.0-rc.1"
"epo-ord:OrderResponseLine","epo-ord:isSubmittedForOrderLine → epo-ord:OrderLine","","3.1.0","4.0.0-rc.1"
"epo-ord:OrderResponseLine","generalisation → epo-ord:OrderLine","","3.1.0","4.0.0-rc.1"
"epo-ord:OrderResponse","epo-ord:comprisesOrderResponseLine → epo-ord:OrderResponseLine","","3.1.0","4.0.0-rc.1"
"epo-ord:OrderResponse","epo-ord:isSubmittedForOrder → epo-ord:Order","","3.1.0","4.0.0-rc.1"
"epo-ord:OrderResponse","epo-ord:specifiesOrderResponseInformation → epo-ord:OrderResponseInformation","","3.1.0","4.0.0-rc.1"
"epo-ord:OrderResponse","epo-ord:specifiesSeller → epo-ord:Seller","","3.1.0","4.0.0-rc.1"
"epo-ord:OrderResponse","epo-ord:specifiesBuyer → epo:Buyer","","3.1.0","4.0.0-rc.1"
"epo-ord:OrderResponse","epo-ord:implementsContract → epo:Contract","","3.1.0","4.0.0-rc.1"
"epo-not:CompetitionNotice","epo:announcesLot → epo:Lot","epo-not:announcesLot → epo:Lot","3.1.0","4.0.0-rc.1"
"epo-not:CompetitionNotice","epo:announcesLotGroup → epo:LotGroup","epo-not:announcesLotGroup → epo:LotGroup","3.1.0","4.0.0-rc.1"
"epo-not:CompetitionNotice","epo:announcesRole → epo:AgentInRole","epo-not:announcesRole → epo:AgentInRole","3.1.0","4.0.0-rc.1"
"epo-not:CompetitionNotice","epo:announcesProcedure → epo:Procedure","epo-not:announcesProcedure → epo:Procedure","3.1.0","4.0.0-rc.1"
"epo-not:CompletionNotice","epo:announcesCompletionOfContract → epo:Contract","","3.1.0","4.0.0-rc.1"
"epo-not:CompletionNotice","epo:refersToAwardDecision → epo:AwardDecision","","3.1.0","4.0.0-rc.1"
"epo-not:CompletionNotice","epo:refersToLot → epo:Lot","","3.1.0","4.0.0-rc.1"
"epo-not:CompletionNotice","epo:announcesReviewObject → epo:ReviewObject","","3.1.0","4.0.0-rc.1"
"epo-not:CompletionNotice","epo:refersToLotGroupAwardInformation → epo:LotGroupAwardInformation","","3.1.0","4.0.0-rc.1"
"epo-not:CompletionNotice","epo:refersToRole → epo:AgentInRole","","3.1.0","4.0.0-rc.1"
"epo-not:CompletionNotice","epo:refersToNoticeAwardInformation → epo:NoticeAwardInformation","","3.1.0","4.0.0-rc.1"
"epo-not:CompletionNotice","epo:announcesRole → epo:AgentInRole","","3.1.0","4.0.0-rc.1"
"epo-not:CompletionNotice","epo:refersToLotGroup → epo:LotGroup","","3.1.0","4.0.0-rc.1"
"epo-not:CompletionNotice","epo:refersToProcedure → epo:Procedure","","3.1.0","4.0.0-rc.1"
"epo-not:ContractModificationNotice","epo:refersToLotGroup → epo:LotGroup","","3.1.0","4.0.0-rc.1"
"epo-not:ContractModificationNotice","epo:refersToContractToBeModified → epo:Contract","epo-not:refersToContractToBeModified → epo:Contract","3.1.0","4.0.0-rc.1"
"epo-not:ContractModificationNotice","epo:refersToLot → epo:Lot","","3.1.0","4.0.0-rc.1"
"epo-not:ContractModificationNotice","epo:announcesRole → epo:AgentInRole","","3.1.0","4.0.0-rc.1"
"epo-not:ContractModificationNotice","epo:refersToNoticeAwardInformation → epo:NoticeAwardInformation","","3.1.0","4.0.0-rc.1"
"epo-not:ContractModificationNotice","epo:refersToAwardDecision → epo:AwardDecision","","3.1.0","4.0.0-rc.1"
"epo-not:ContractModificationNotice","epo:refersToProcedure → epo:Procedure","","3.1.0","4.0.0-rc.1"
"epo-not:ContractModificationNotice","epo:refersToLotGroupAwardInformation → epo:LotGroupAwardInformation","","3.1.0","4.0.0-rc.1"
"epo-not:ContractModificationNotice","epo:announcesContractAmendment → epo-con:ContractAmendment","","3.1.0","4.0.0-rc.1"
"epo-not:DirectAwardPrenotificationNotice","epo:announcesLotGroupAwardInformation → epo:LotGroupAwardInformation","","3.1.0","4.0.0-rc.1"
"epo-not:DirectAwardPrenotificationNotice","epo:announcesContract → epo:Contract","","3.1.0","4.0.0-rc.1"
"epo-not:DirectAwardPrenotificationNotice","epo:announcesLot → epo:Lot","","3.1.0","4.0.0-rc.1"
"epo-not:DirectAwardPrenotificationNotice","epo:announcesRole → epo:AgentInRole","","3.1.0","4.0.0-rc.1"
"epo-not:DirectAwardPrenotificationNotice","epo:announcesNoticeAwardInformation → epo:NoticeAwardInformation","","3.1.0","4.0.0-rc.1"
"epo-not:DirectAwardPrenotificationNotice","epo:announcesProcedure → epo:Procedure","epo-not:announcesProcedure → epo:Procedure","3.1.0","4.0.0-rc.1"
"epo-not:DirectAwardPrenotificationNotice","epo:announcesLotGroup → epo:LotGroup","","3.1.0","4.0.0-rc.1"
"epo-not:DirectAwardPrenotificationNotice","epo:announcesAwardDecision → epo:AwardDecision","","3.1.0","4.0.0-rc.1"
"epo-not:PlanningNotice","epo:announcesPlannedProcurementPart → epo:PlannedProcurementPart","epo-not:announcesPlannedProcurementPart → epo:PlannedProcurementPart","3.1.0","4.0.0-rc.1"
"epo-not:PlanningNotice","epo:announcesRole → epo:AgentInRole","","3.1.0","4.0.0-rc.1"
"epo-not:PreMarketConsultationNotice","generalisation → epo:Notice","","3.1.0","4.0.0-rc.1"
